album,author,icon,length,name,media_id
AlbumTestName 0,Test Author 0,TestIcon0,238,AudioTestName 0,208
AlbumTestName 5,Test Author 5,TestIcon5,238,AudioTestName 5,218
AlbumTestName 10,Test Author 10,TestIcon10,238,AudioTestName 10,228
AlbumTestName 15,Test Author 15,TestIcon15,238,AudioTestName 15,238
AlbumTestName 20,Test Author 20,TestIcon20,238,AudioTestName 20,248
AlbumTestName 25,Test Author 25,TestIcon25,238,AudioTestName 25,258
AlbumTestName 30,Test Author 30,TestIcon30,238,AudioTestName 30,268
AlbumTestName 35,Test Author 35,TestIcon35,238,AudioTestName 35,278
AlbumTestName 40,Test Author 40,TestIcon40,238,AudioTestName 40,288
AlbumTestName 45,Test Author 45,TestIcon45,238,AudioTestName 45,298
AlbumTestName 50,Test Author 50,TestIcon50,238,AudioTestName 50,308
AlbumTestName 55,Test Author 55,TestIcon55,238,AudioTestName 55,318
AlbumTestName 60,Test Author 60,TestIcon60,238,AudioTestName 60,328
AlbumTestName 65,Test Author 65,TestIcon65,238,AudioTestName 65,338
AlbumTestName 70,Test Author 70,TestIcon70,238,AudioTestName 70,348
AlbumTestName 75,Test Author 75,TestIcon75,238,AudioTestName 75,358
AlbumTestName 80,Test Author 80,TestIcon80,238,AudioTestName 80,368
AlbumTestName 85,Test Author 85,TestIcon85,238,AudioTestName 85,378
AlbumTestName 90,Test Author 90,TestIcon90,238,AudioTestName 90,388
AlbumTestName 95,Test Author 95,TestIcon95,238,AudioTestName 95,398
