2349,Chat image #0,2020-12-02 15:36:04.690099,Group chat #0
2350,Chat image #1,2020-12-02 15:36:04.690327,Group chat #1
2351,Chat image #2,2020-12-02 15:36:04.690388,Group chat #2
2352,Chat image #3,2020-12-02 15:36:04.690444,Group chat #3
2353,Chat image #4,2020-12-02 15:36:04.6905,Group chat #4
2354,Chat image #5,2020-12-02 15:36:04.690557,Group chat #5
2355,Chat image #6,2020-12-02 15:36:04.690613,Group chat #6
2356,Chat image #7,2020-12-02 15:36:04.690668,Group chat #7
2357,Chat image #8,2020-12-02 15:36:04.690734,Group chat #8
2358,Chat image #9,2020-12-02 15:36:04.690793,Group chat #9
2359,Chat image #10,2020-12-02 15:36:04.690849,Group chat #10
2360,Chat image #11,2020-12-02 15:36:04.690906,Group chat #11
2361,Chat image #12,2020-12-02 15:36:04.690962,Group chat #12
2362,Chat image #13,2020-12-02 15:36:04.691018,Group chat #13
2363,Chat image #14,2020-12-02 15:36:04.691074,Group chat #14
2364,Chat image #15,2020-12-02 15:36:04.69113,Group chat #15
2365,Chat image #16,2020-12-02 15:36:04.691187,Group chat #16
2366,Chat image #17,2020-12-02 15:36:04.691243,Group chat #17
2367,Chat image #18,2020-12-02 15:36:04.691312,Group chat #18
2368,Chat image #19,2020-12-02 15:36:04.69138,Group chat #19
