description,media_id
Image Media Test File 1,210
Image Media Test File 2,212
Image Media Test File 4,216
Image Media Test File 7,222
Image Media Test File 8,224
Image Media Test File 11,230
Image Media Test File 13,234
Image Media Test File 14,236
Image Media Test File 16,240
Image Media Test File 17,242
Image Media Test File 19,246
Image Media Test File 22,252
Image Media Test File 23,254
Image Media Test File 26,260
Image Media Test File 28,264
Image Media Test File 29,266
Image Media Test File 31,270
Image Media Test File 32,272
Image Media Test File 34,276
Image Media Test File 37,282
Image Media Test File 38,284
Image Media Test File 41,290
Image Media Test File 43,294
Image Media Test File 44,296
Image Media Test File 46,300
Image Media Test File 47,302
Image Media Test File 49,306
Image Media Test File 52,312
Image Media Test File 53,314
Image Media Test File 56,320
Image Media Test File 58,324
Image Media Test File 59,326
Image Media Test File 61,330
Image Media Test File 62,332
Image Media Test File 64,336
Image Media Test File 67,342
Image Media Test File 68,344
Image Media Test File 71,350
Image Media Test File 73,354
Image Media Test File 74,356
Image Media Test File 76,360
Image Media Test File 77,362
Image Media Test File 79,366
Image Media Test File 82,372
Image Media Test File 83,374
Image Media Test File 86,380
Image Media Test File 88,384
Image Media Test File 89,386
Image Media Test File 91,390
Image Media Test File 92,392
Image Media Test File 94,396
Image Media Test File 97,402
Image Media Test File 98,404
