1409,2020-12-02 15:36:04.3579,2020-12-02 15:36:04.357913,There is the 4 text of this post,The 4 test post,88
1410,2020-12-02 15:36:04.358289,2020-12-02 15:36:04.358295,There is the 1 text of this post,The 1 test post,86
1411,2020-12-02 15:36:04.35848,2020-12-02 15:36:04.358486,There is the 3 text of this post,The 3 test post,32
1412,2020-12-02 15:36:04.35867,2020-12-02 15:36:04.358676,There is the 2 text of this post,The 2 test post,42
1413,2020-12-02 15:36:04.358858,2020-12-02 15:36:04.358864,There is the 0 text of this post,The 0 test post,14
1416,2020-12-02 15:36:04.359427,2020-12-02 15:36:04.359434,There is the 8 text of this post,The 8 test post,37
1417,2020-12-02 15:36:04.359623,2020-12-02 15:36:04.359629,There is the 5 text of this post,The 5 test post,36
1418,2020-12-02 15:36:04.359816,2020-12-02 15:36:04.359822,There is the 9 text of this post,The 9 test post,63
1419,2020-12-02 15:36:04.360006,2020-12-02 15:36:04.360013,There is the 6 text of this post,The 6 test post,105
1420,2020-12-02 15:36:04.360222,2020-12-02 15:36:04.360229,There is the 7 text of this post,The 7 test post,95
1422,2020-12-02 15:36:04.360452,2020-12-02 15:36:04.360458,There is the 14 text of this post,The 14 test post,31
1423,2020-12-02 15:36:04.36064,2020-12-02 15:36:04.360646,There is the 11 text of this post,The 11 test post,32
1424,2020-12-02 15:36:04.36083,2020-12-02 15:36:04.360836,There is the 12 text of this post,The 12 test post,1
1425,2020-12-02 15:36:04.361017,2020-12-02 15:36:04.361023,There is the 13 text of this post,The 13 test post,23
1426,2020-12-02 15:36:04.361252,2020-12-02 15:36:04.361258,There is the 10 text of this post,The 10 test post,17
1428,2020-12-02 15:36:04.361441,2020-12-02 15:36:04.361447,There is the 15 text of this post,The 15 test post,84
1429,2020-12-02 15:36:04.361627,2020-12-02 15:36:04.361633,There is the 16 text of this post,The 16 test post,44
1430,2020-12-02 15:36:04.361813,2020-12-02 15:36:04.361819,There is the 19 text of this post,The 19 test post,55
1431,2020-12-02 15:36:04.362005,2020-12-02 15:36:04.362011,There is the 18 text of this post,The 18 test post,17
1432,2020-12-02 15:36:04.362193,2020-12-02 15:36:04.362199,There is the 17 text of this post,The 17 test post,75
1434,2020-12-02 15:36:04.366503,2020-12-02 15:36:04.366516,There is the 23 text of this post,The 23 test post,73
1435,2020-12-02 15:36:04.366765,2020-12-02 15:36:04.366771,There is the 22 text of this post,The 22 test post,42
1436,2020-12-02 15:36:04.366932,2020-12-02 15:36:04.366937,There is the 21 text of this post,The 21 test post,52
1437,2020-12-02 15:36:04.367097,2020-12-02 15:36:04.367103,There is the 20 text of this post,The 20 test post,31
1438,2020-12-02 15:36:04.367261,2020-12-02 15:36:04.367267,There is the 24 text of this post,The 24 test post,63
1440,2020-12-02 15:36:04.367425,2020-12-02 15:36:04.367431,There is the 28 text of this post,The 28 test post,48
1441,2020-12-02 15:36:04.36762,2020-12-02 15:36:04.367626,There is the 25 text of this post,The 25 test post,75
1442,2020-12-02 15:36:04.367785,2020-12-02 15:36:04.367791,There is the 26 text of this post,The 26 test post,82
1443,2020-12-02 15:36:04.367948,2020-12-02 15:36:04.367953,There is the 27 text of this post,The 27 test post,105
1444,2020-12-02 15:36:04.368137,2020-12-02 15:36:04.368142,There is the 29 text of this post,The 29 test post,20
1446,2020-12-02 15:36:04.368289,2020-12-02 15:36:04.368294,There is the 31 text of this post,The 31 test post,27
1447,2020-12-02 15:36:04.368439,2020-12-02 15:36:04.368444,There is the 30 text of this post,The 30 test post,42
1448,2020-12-02 15:36:04.368596,2020-12-02 15:36:04.368602,There is the 34 text of this post,The 34 test post,5
1449,2020-12-02 15:36:04.368758,2020-12-02 15:36:04.368764,There is the 33 text of this post,The 33 test post,29
1450,2020-12-02 15:36:04.36892,2020-12-02 15:36:04.368926,There is the 32 text of this post,The 32 test post,21
1452,2020-12-02 15:36:04.369133,2020-12-02 15:36:04.369168,There is the 35 text of this post,The 35 test post,62
1453,2020-12-02 15:36:04.369413,2020-12-02 15:36:04.369418,There is the 38 text of this post,The 38 test post,75
1454,2020-12-02 15:36:04.369583,2020-12-02 15:36:04.36959,There is the 36 text of this post,The 36 test post,53
1455,2020-12-02 15:36:04.369736,2020-12-02 15:36:04.369741,There is the 37 text of this post,The 37 test post,76
1456,2020-12-02 15:36:04.369885,2020-12-02 15:36:04.36989,There is the 39 text of this post,The 39 test post,105
1458,2020-12-02 15:36:04.371989,2020-12-02 15:36:04.372011,There is the 40 text of this post,The 40 test post,12
1459,2020-12-02 15:36:04.372293,2020-12-02 15:36:04.372296,There is the 41 text of this post,The 41 test post,76
1460,2020-12-02 15:36:04.372713,2020-12-02 15:36:04.372718,There is the 42 text of this post,The 42 test post,47
1461,2020-12-02 15:36:04.372909,2020-12-02 15:36:04.372913,There is the 44 text of this post,The 44 test post,79
1462,2020-12-02 15:36:04.373071,2020-12-02 15:36:04.373073,There is the 43 text of this post,The 43 test post,28
1464,2020-12-02 15:36:04.373201,2020-12-02 15:36:04.373203,There is the 48 text of this post,The 48 test post,58
1465,2020-12-02 15:36:04.373329,2020-12-02 15:36:04.373332,There is the 47 text of this post,The 47 test post,10
1466,2020-12-02 15:36:04.373457,2020-12-02 15:36:04.373459,There is the 45 text of this post,The 45 test post,70
1467,2020-12-02 15:36:04.373584,2020-12-02 15:36:04.373586,There is the 49 text of this post,The 49 test post,38
1468,2020-12-02 15:36:04.37375,2020-12-02 15:36:04.373752,There is the 46 text of this post,The 46 test post,14
1470,2020-12-02 15:36:04.373921,2020-12-02 15:36:04.373923,There is the 51 text of this post,The 51 test post,64
1471,2020-12-02 15:36:04.374051,2020-12-02 15:36:04.374053,There is the 54 text of this post,The 54 test post,37
1472,2020-12-02 15:36:04.374185,2020-12-02 15:36:04.374187,There is the 52 text of this post,The 52 test post,88
1473,2020-12-02 15:36:04.374307,2020-12-02 15:36:04.37431,There is the 50 text of this post,The 50 test post,95
1474,2020-12-02 15:36:04.374445,2020-12-02 15:36:04.374447,There is the 53 text of this post,The 53 test post,40
1476,2020-12-02 15:36:04.374577,2020-12-02 15:36:04.37458,There is the 58 text of this post,The 58 test post,36
1477,2020-12-02 15:36:04.374699,2020-12-02 15:36:04.374701,There is the 55 text of this post,The 55 test post,76
1478,2020-12-02 15:36:04.374819,2020-12-02 15:36:04.374821,There is the 57 text of this post,The 57 test post,32
1479,2020-12-02 15:36:04.374939,2020-12-02 15:36:04.374941,There is the 59 text of this post,The 59 test post,101
1480,2020-12-02 15:36:04.37506,2020-12-02 15:36:04.375062,There is the 56 text of this post,The 56 test post,33
1482,2020-12-02 15:36:04.377229,2020-12-02 15:36:04.377234,There is the 64 text of this post,The 64 test post,16
1483,2020-12-02 15:36:04.377433,2020-12-02 15:36:04.377436,There is the 63 text of this post,The 63 test post,99
1484,2020-12-02 15:36:04.377553,2020-12-02 15:36:04.377555,There is the 61 text of this post,The 61 test post,81
1485,2020-12-02 15:36:04.377685,2020-12-02 15:36:04.377688,There is the 62 text of this post,The 62 test post,84
1486,2020-12-02 15:36:04.377804,2020-12-02 15:36:04.377806,There is the 60 text of this post,The 60 test post,63
1488,2020-12-02 15:36:04.377921,2020-12-02 15:36:04.377923,There is the 69 text of this post,The 69 test post,88
1489,2020-12-02 15:36:04.378057,2020-12-02 15:36:04.378059,There is the 65 text of this post,The 65 test post,73
1490,2020-12-02 15:36:04.378169,2020-12-02 15:36:04.378172,There is the 68 text of this post,The 68 test post,21
1491,2020-12-02 15:36:04.378281,2020-12-02 15:36:04.378283,There is the 66 text of this post,The 66 test post,19
1492,2020-12-02 15:36:04.37846,2020-12-02 15:36:04.378463,There is the 67 text of this post,The 67 test post,73
1494,2020-12-02 15:36:04.378568,2020-12-02 15:36:04.37857,There is the 71 text of this post,The 71 test post,52
1495,2020-12-02 15:36:04.378672,2020-12-02 15:36:04.378674,There is the 72 text of this post,The 72 test post,84
1496,2020-12-02 15:36:04.378776,2020-12-02 15:36:04.378778,There is the 70 text of this post,The 70 test post,69
1497,2020-12-02 15:36:04.37888,2020-12-02 15:36:04.378883,There is the 73 text of this post,The 73 test post,45
1498,2020-12-02 15:36:04.378985,2020-12-02 15:36:04.378987,There is the 74 text of this post,The 74 test post,102
1500,2020-12-02 15:36:04.379089,2020-12-02 15:36:04.379091,There is the 79 text of this post,The 79 test post,58
1501,2020-12-02 15:36:04.379193,2020-12-02 15:36:04.379196,There is the 76 text of this post,The 76 test post,58
1502,2020-12-02 15:36:04.379329,2020-12-02 15:36:04.379332,There is the 77 text of this post,The 77 test post,93
1503,2020-12-02 15:36:04.379458,2020-12-02 15:36:04.37946,There is the 75 text of this post,The 75 test post,13
1504,2020-12-02 15:36:04.379576,2020-12-02 15:36:04.379579,There is the 78 text of this post,The 78 test post,98
1506,2020-12-02 15:36:04.382211,2020-12-02 15:36:04.382218,There is the 82 text of this post,The 82 test post,75
1507,2020-12-02 15:36:04.382383,2020-12-02 15:36:04.382385,There is the 81 text of this post,The 81 test post,70
1508,2020-12-02 15:36:04.382483,2020-12-02 15:36:04.382485,There is the 83 text of this post,The 83 test post,94
1509,2020-12-02 15:36:04.382595,2020-12-02 15:36:04.382597,There is the 80 text of this post,The 80 test post,86
1510,2020-12-02 15:36:04.382708,2020-12-02 15:36:04.382711,There is the 84 text of this post,The 84 test post,57
1512,2020-12-02 15:36:04.382807,2020-12-02 15:36:04.382809,There is the 85 text of this post,The 85 test post,1
1513,2020-12-02 15:36:04.382904,2020-12-02 15:36:04.382907,There is the 89 text of this post,The 89 test post,28
1514,2020-12-02 15:36:04.383002,2020-12-02 15:36:04.383004,There is the 86 text of this post,The 86 test post,27
1515,2020-12-02 15:36:04.383099,2020-12-02 15:36:04.383101,There is the 87 text of this post,The 87 test post,104
1516,2020-12-02 15:36:04.383196,2020-12-02 15:36:04.383198,There is the 88 text of this post,The 88 test post,44
1518,2020-12-02 15:36:04.383293,2020-12-02 15:36:04.383295,There is the 92 text of this post,The 92 test post,48
1519,2020-12-02 15:36:04.38339,2020-12-02 15:36:04.383392,There is the 93 text of this post,The 93 test post,51
1520,2020-12-02 15:36:04.383504,2020-12-02 15:36:04.383507,There is the 94 text of this post,The 94 test post,43
1521,2020-12-02 15:36:04.383627,2020-12-02 15:36:04.38363,There is the 90 text of this post,The 90 test post,47
1522,2020-12-02 15:36:04.383741,2020-12-02 15:36:04.383744,There is the 91 text of this post,The 91 test post,22
1524,2020-12-02 15:36:04.383853,2020-12-02 15:36:04.383855,There is the 95 text of this post,The 95 test post,11
1525,2020-12-02 15:36:04.383963,2020-12-02 15:36:04.383966,There is the 99 text of this post,The 99 test post,101
1526,2020-12-02 15:36:04.384123,2020-12-02 15:36:04.384125,There is the 96 text of this post,The 96 test post,65
1527,2020-12-02 15:36:04.384241,2020-12-02 15:36:04.384243,There is the 97 text of this post,The 97 test post,88
1528,2020-12-02 15:36:04.384358,2020-12-02 15:36:04.384361,There is the 98 text of this post,The 98 test post,72
