id,text
107,This is 0 tag
108,This is 1 tag
109,This is 2 tag
110,This is 3 tag
111,This is 4 tag
112,This is 5 tag
113,This is 6 tag
114,This is 7 tag
115,This is 8 tag
116,This is 9 tag
117,This is 10 tag
118,This is 11 tag
119,This is 12 tag
120,This is 13 tag
121,This is 14 tag
122,This is 15 tag
123,This is 16 tag
124,This is 17 tag
125,This is 18 tag
126,This is 19 tag
127,This is 20 tag
128,This is 21 tag
129,This is 22 tag
130,This is 23 tag
131,This is 24 tag
132,This is 25 tag
133,This is 26 tag
134,This is 27 tag
135,This is 28 tag
136,This is 29 tag
137,This is 30 tag
138,This is 31 tag
139,This is 32 tag
140,This is 33 tag
141,This is 34 tag
142,This is 35 tag
143,This is 36 tag
144,This is 37 tag
145,This is 38 tag
146,This is 39 tag
147,This is 40 tag
148,This is 41 tag
149,This is 42 tag
150,This is 43 tag
151,This is 44 tag
152,This is 45 tag
153,This is 46 tag
154,This is 47 tag
155,This is 48 tag
156,This is 49 tag
157,This is 50 tag
158,This is 51 tag
159,This is 52 tag
160,This is 53 tag
161,This is 54 tag
162,This is 55 tag
163,This is 56 tag
164,This is 57 tag
165,This is 58 tag
166,This is 59 tag
167,This is 60 tag
168,This is 61 tag
169,This is 62 tag
170,This is 63 tag
171,This is 64 tag
172,This is 65 tag
173,This is 66 tag
174,This is 67 tag
175,This is 68 tag
176,This is 69 tag
177,This is 70 tag
178,This is 71 tag
179,This is 72 tag
180,This is 73 tag
181,This is 74 tag
182,This is 75 tag
183,This is 76 tag
184,This is 77 tag
185,This is 78 tag
186,This is 79 tag
187,This is 80 tag
188,This is 81 tag
189,This is 82 tag
190,This is 83 tag
191,This is 84 tag
192,This is 85 tag
193,This is 86 tag
194,This is 87 tag
195,This is 88 tag
196,This is 89 tag
197,This is 90 tag
198,This is 91 tag
199,This is 92 tag
200,This is 93 tag
201,This is 94 tag
202,This is 95 tag
203,This is 96 tag
204,This is 97 tag
205,This is 98 tag
206,This is 99 tag
