user_id,about_me,image,city,date_of_birth,education,email,first_name,is_enable,last_name,last_redaction_date,link_site,password,persist_date,profession,status,active_id,role_id
1,My description about life - Admin0,www.myavatar0.ru/9090,SPb,2008-05-30 08:20:12.121,MIT University,admin0@user.ru,Admin0,1,LastNameUser0,2020-12-03 02:44:10.280812,www.mysite.ru,userpass0,2020-12-03 02:44:10.280857,,free,2,3
68,My description about life - User61,www.myavatar61.ru/9090,SPb,2008-05-30 08:20:12.121,MIT University,user61@user.ru,User61,1,LastNameUser61,2020-12-03 02:44:10.337676,www.mysite.ru,userpass61,2020-12-03 02:44:10.337689,,free,6,7
69,My description about life - User62,www.myavatar62.ru/9090,SPb,2008-05-30 08:20:12.121,MIT University,user62@user.ru,User62,1,LastNameUser62,2020-12-03 02:44:10.338155,www.mysite.ru,userpass62,2020-12-03 02:44:10.338171,,free,2,7
70,My description about life - User63,www.myavatar63.ru/9090,SPb,2008-05-30 08:20:12.121,MIT University,user63@user.ru,User63,1,LastNameUser63,2020-12-03 02:44:10.338658,www.mysite.ru,userpass63,2020-12-03 02:44:10.338678,,free,6,7
71,My description about life - User64,www.myavatar64.ru/9090,SPb,2008-05-30 08:20:12.121,MIT University,user64@user.ru,User64,1,LastNameUser64,2020-12-03 02:44:10.33914,www.mysite.ru,userpass64,2020-12-03 02:44:10.339154,,free,2,7
72,My description about life - User65,www.myavatar65.ru/9090,SPb,2008-05-30 08:20:12.121,MIT University,user65@user.ru,User65,1,LastNameUser65,2020-12-03 02:44:10.339612,www.mysite.ru,userpass65,2020-12-03 02:44:10.339626,,free,6,7
73,My description about life - User66,www.myavatar66.ru/9090,SPb,2008-05-30 08:20:12.121,MIT University,user66@user.ru,User66,1,LastNameUser66,2020-12-03 02:44:10.340098,www.mysite.ru,userpass66,2020-12-03 02:44:10.340112,,free,2,7
74,My description about life - User67,www.myavatar67.ru/9090,SPb,2008-05-30 08:20:12.121,MIT University,user67@user.ru,User67,1,LastNameUser67,2020-12-03 02:44:10.340546,www.mysite.ru,userpass67,2020-12-03 02:44:10.340559,,free,6,7
75,My description about life - User68,www.myavatar68.ru/9090,SPb,2008-05-30 08:20:12.121,MIT University,user68@user.ru,User68,1,LastNameUser68,2020-12-03 02:44:10.341104,www.mysite.ru,userpass68,2020-12-03 02:44:10.341128,,free,2,7
76,My description about life - User69,www.myavatar69.ru/9090,SPb,2008-05-30 08:20:12.121,MIT University,user69@user.ru,User69,1,LastNameUser69,2020-12-03 02:44:10.341697,www.mysite.ru,userpass69,2020-12-03 02:44:10.341711,,free,6,7
77,My description about life - User70,www.myavatar70.ru/9090,SPb,2008-05-30 08:20:12.121,MIT University,user70@user.ru,User70,1,LastNameUser70,2020-12-03 02:44:10.342131,www.mysite.ru,userpass70,2020-12-03 02:44:10.342144,,free,2,7
78,My description about life - User71,www.myavatar71.ru/9090,SPb,2008-05-30 08:20:12.121,MIT University,user71@user.ru,User71,1,LastNameUser71,2020-12-03 02:44:10.342609,www.mysite.ru,userpass71,2020-12-03 02:44:10.342622,,free,6,7
79,My description about life - User72,www.myavatar72.ru/9090,SPb,2008-05-30 08:20:12.121,MIT University,user72@user.ru,User72,1,LastNameUser72,2020-12-03 02:44:10.343082,www.mysite.ru,userpass72,2020-12-03 02:44:10.343096,,free,2,7
80,My description about life - User73,www.myavatar73.ru/9090,SPb,2008-05-30 08:20:12.121,MIT University,user73@user.ru,User73,1,LastNameUser73,2020-12-03 02:44:10.34353,www.mysite.ru,userpass73,2020-12-03 02:44:10.343543,,free,6,7
81,My description about life - User74,www.myavatar74.ru/9090,SPb,2008-05-30 08:20:12.121,MIT University,user74@user.ru,User74,1,LastNameUser74,2020-12-03 02:44:10.343968,www.mysite.ru,userpass74,2020-12-03 02:44:10.343981,,free,2,7
82,My description about life - User75,www.myavatar75.ru/9090,SPb,2008-05-30 08:20:12.121,MIT University,user75@user.ru,User75,1,LastNameUser75,2020-12-03 02:44:10.344452,www.mysite.ru,userpass75,2020-12-03 02:44:10.344466,,free,6,7
83,My description about life - User76,www.myavatar76.ru/9090,SPb,2008-05-30 08:20:12.121,MIT University,user76@user.ru,User76,1,LastNameUser76,2020-12-03 02:44:10.345005,www.mysite.ru,userpass76,2020-12-03 02:44:10.34502,,free,2,7
84,My description about life - User77,www.myavatar77.ru/9090,SPb,2008-05-30 08:20:12.121,MIT University,user77@user.ru,User77,1,LastNameUser77,2020-12-03 02:44:10.345795,www.mysite.ru,userpass77,2020-12-03 02:44:10.345816,,free,6,7
85,My description about life - User78,www.myavatar78.ru/9090,SPb,2008-05-30 08:20:12.121,MIT University,user78@user.ru,User78,1,LastNameUser78,2020-12-03 02:44:10.34642,www.mysite.ru,userpass78,2020-12-03 02:44:10.346434,,free,2,7
86,My description about life - User79,www.myavatar79.ru/9090,SPb,2008-05-30 08:20:12.121,MIT University,user79@user.ru,User79,1,LastNameUser79,2020-12-03 02:44:10.346993,www.mysite.ru,userpass79,2020-12-03 02:44:10.347008,,free,6,7
87,My description about life - User80,www.myavatar80.ru/9090,SPb,2008-05-30 08:20:12.121,MIT University,user80@user.ru,User80,1,LastNameUser80,2020-12-03 02:44:10.351715,www.mysite.ru,userpass80,2020-12-03 02:44:10.351739,,free,2,7
88,My description about life - User81,www.myavatar81.ru/9090,SPb,2008-05-30 08:20:12.121,MIT University,user81@user.ru,User81,1,LastNameUser81,2020-12-03 02:44:10.352307,www.mysite.ru,userpass81,2020-12-03 02:44:10.35232,,free,6,7
89,My description about life - User82,www.myavatar82.ru/9090,SPb,2008-05-30 08:20:12.121,MIT University,user82@user.ru,User82,1,LastNameUser82,2020-12-03 02:44:10.352744,www.mysite.ru,userpass82,2020-12-03 02:44:10.352757,,free,2,7
90,My description about life - User83,www.myavatar83.ru/9090,SPb,2008-05-30 08:20:12.121,MIT University,user83@user.ru,User83,1,LastNameUser83,2020-12-03 02:44:10.353206,www.mysite.ru,userpass83,2020-12-03 02:44:10.353219,,free,6,7
91,My description about life - User84,www.myavatar84.ru/9090,SPb,2008-05-30 08:20:12.121,MIT University,user84@user.ru,User84,1,LastNameUser84,2020-12-03 02:44:10.353701,www.mysite.ru,userpass84,2020-12-03 02:44:10.353714,,free,2,7
92,My description about life - User85,www.myavatar85.ru/9090,SPb,2008-05-30 08:20:12.121,MIT University,user85@user.ru,User85,1,LastNameUser85,2020-12-03 02:44:10.354123,www.mysite.ru,userpass85,2020-12-03 02:44:10.354136,,free,6,7
93,My description about life - User86,www.myavatar86.ru/9090,SPb,2008-05-30 08:20:12.121,MIT University,user86@user.ru,User86,1,LastNameUser86,2020-12-03 02:44:10.354706,www.mysite.ru,userpass86,2020-12-03 02:44:10.354723,,free,2,7
94,My description about life - User87,www.myavatar87.ru/9090,SPb,2008-05-30 08:20:12.121,MIT University,user87@user.ru,User87,1,LastNameUser87,2020-12-03 02:44:10.355296,www.mysite.ru,userpass87,2020-12-03 02:44:10.355311,,free,6,7
95,My description about life - User88,www.myavatar88.ru/9090,SPb,2008-05-30 08:20:12.121,MIT University,user88@user.ru,User88,1,LastNameUser88,2020-12-03 02:44:10.35579,www.mysite.ru,userpass88,2020-12-03 02:44:10.355813,,free,2,7
96,My description about life - User89,www.myavatar89.ru/9090,SPb,2008-05-30 08:20:12.121,MIT University,user89@user.ru,User89,1,LastNameUser89,2020-12-03 02:44:10.356392,www.mysite.ru,userpass89,2020-12-03 02:44:10.356409,,free,6,7
97,My description about life - User90,www.myavatar90.ru/9090,SPb,2008-05-30 08:20:12.121,MIT University,user90@user.ru,User90,1,LastNameUser90,2020-12-03 02:44:10.356875,www.mysite.ru,userpass90,2020-12-03 02:44:10.356895,,free,2,7
98,My description about life - User91,www.myavatar91.ru/9090,SPb,2008-05-30 08:20:12.121,MIT University,user91@user.ru,User91,1,LastNameUser91,2020-12-03 02:44:10.357516,www.mysite.ru,userpass91,2020-12-03 02:44:10.35754,,free,6,7
99,My description about life - User92,www.myavatar92.ru/9090,SPb,2008-05-30 08:20:12.121,MIT University,user92@user.ru,User92,1,LastNameUser92,2020-12-03 02:44:10.357987,www.mysite.ru,userpass92,2020-12-03 02:44:10.358,,free,2,7
100,My description about life - User93,www.myavatar93.ru/9090,SPb,2008-05-30 08:20:12.121,MIT University,user93@user.ru,User93,1,LastNameUser93,2020-12-03 02:44:10.358397,www.mysite.ru,userpass93,2020-12-03 02:44:10.35841,,free,6,7
101,My description about life - User94,www.myavatar94.ru/9090,SPb,2008-05-30 08:20:12.121,MIT University,user94@user.ru,User94,1,LastNameUser94,2020-12-03 02:44:10.358818,www.mysite.ru,userpass94,2020-12-03 02:44:10.358831,,free,2,7
102,My description about life - User95,www.myavatar95.ru/9090,SPb,2008-05-30 08:20:12.121,MIT University,user95@user.ru,User95,1,LastNameUser95,2020-12-03 02:44:10.359272,www.mysite.ru,userpass95,2020-12-03 02:44:10.359285,,free,6,7
103,My description about life - User96,www.myavatar96.ru/9090,SPb,2008-05-30 08:20:12.121,MIT University,user96@user.ru,User96,1,LastNameUser96,2020-12-03 02:44:10.359709,www.mysite.ru,userpass96,2020-12-03 02:44:10.359722,,free,2,7
104,My description about life - User97,www.myavatar97.ru/9090,SPb,2008-05-30 08:20:12.121,MIT University,user97@user.ru,User97,1,LastNameUser97,2020-12-03 02:44:10.360281,www.mysite.ru,userpass97,2020-12-03 02:44:10.360296,,free,6,7
105,My description about life - User98,www.myavatar98.ru/9090,SPb,2008-05-30 08:20:12.121,MIT University,user98@user.ru,User98,1,LastNameUser98,2020-12-03 02:44:10.360686,www.mysite.ru,userpass98,2020-12-03 02:44:10.360699,,free,2,7
106,My description about life - User99,www.myavatar99.ru/9090,SPb,2008-05-30 08:20:12.121,MIT University,user99@user.ru,User99,1,LastNameUser99,2020-12-03 02:44:10.361085,www.mysite.ru,userpass99,2020-12-03 02:44:10.361098,,free,6,7
5,My description about life - User1,www.myavatar1.ru/9090,SPb,2008-05-30 08:20:12.121,MIT University,user1@user.ru,User1,1,LastNameUser1,2020-12-03 02:44:11.145734,www.mysite.ru,userpass1,2020-12-03 02:44:10.284652,,free,6,7
9,My description about life - User2,www.myavatar2.ru/9090,SPb,2008-05-30 08:20:12.121,MIT University,user2@user.ru,User2,1,LastNameUser2,2020-12-03 02:44:11.146691,www.mysite.ru,userpass2,2020-12-03 02:44:10.2853,,free,2,7
10,My description about life - User3,www.myavatar3.ru/9090,SPb,2008-05-30 08:20:12.121,MIT University,user3@user.ru,User3,1,LastNameUser3,2020-12-03 02:44:11.146892,www.mysite.ru,userpass3,2020-12-03 02:44:10.286017,,free,6,7
11,My description about life - User4,www.myavatar4.ru/9090,SPb,2008-05-30 08:20:12.121,MIT University,user4@user.ru,User4,1,LastNameUser4,2020-12-03 02:44:11.147063,www.mysite.ru,userpass4,2020-12-03 02:44:10.287028,,free,2,7
12,My description about life - User5,www.myavatar5.ru/9090,SPb,2008-05-30 08:20:12.121,MIT University,user5@user.ru,User5,1,LastNameUser5,2020-12-03 02:44:11.147229,www.mysite.ru,userpass5,2020-12-03 02:44:10.287605,,free,6,7
13,My description about life - User6,www.myavatar6.ru/9090,SPb,2008-05-30 08:20:12.121,MIT University,user6@user.ru,User6,1,LastNameUser6,2020-12-03 02:44:11.147395,www.mysite.ru,userpass6,2020-12-03 02:44:10.288181,,free,2,7
14,My description about life - User7,www.myavatar7.ru/9090,SPb,2008-05-30 08:20:12.121,MIT University,user7@user.ru,User7,1,LastNameUser7,2020-12-03 02:44:11.147574,www.mysite.ru,userpass7,2020-12-03 02:44:10.28875,,free,6,7
15,My description about life - User8,www.myavatar8.ru/9090,SPb,2008-05-30 08:20:12.121,MIT University,user8@user.ru,User8,1,LastNameUser8,2020-12-03 02:44:11.147804,www.mysite.ru,userpass8,2020-12-03 02:44:10.289297,,free,2,7
16,My description about life - User9,www.myavatar9.ru/9090,SPb,2008-05-30 08:20:12.121,MIT University,user9@user.ru,User9,1,LastNameUser9,2020-12-03 02:44:11.147994,www.mysite.ru,userpass9,2020-12-03 02:44:10.289829,,free,6,7
17,My description about life - User10,www.myavatar10.ru/9090,SPb,2008-05-30 08:20:12.121,MIT University,user10@user.ru,User10,1,LastNameUser10,2020-12-03 02:44:11.148241,www.mysite.ru,userpass10,2020-12-03 02:44:10.290376,,free,2,7
18,My description about life - User11,www.myavatar11.ru/9090,SPb,2008-05-30 08:20:12.121,MIT University,user11@user.ru,User11,1,LastNameUser11,2020-12-03 02:44:11.148501,www.mysite.ru,userpass11,2020-12-03 02:44:10.290987,,free,6,7
19,My description about life - User12,www.myavatar12.ru/9090,SPb,2008-05-30 08:20:12.121,MIT University,user12@user.ru,User12,1,LastNameUser12,2020-12-03 02:44:11.148737,www.mysite.ru,userpass12,2020-12-03 02:44:10.291629,,free,2,7
20,My description about life - User13,www.myavatar13.ru/9090,SPb,2008-05-30 08:20:12.121,MIT University,user13@user.ru,User13,1,LastNameUser13,2020-12-03 02:44:11.148989,www.mysite.ru,userpass13,2020-12-03 02:44:10.292213,,free,6,7
21,My description about life - User14,www.myavatar14.ru/9090,SPb,2008-05-30 08:20:12.121,MIT University,user14@user.ru,User14,1,LastNameUser14,2020-12-03 02:44:11.149224,www.mysite.ru,userpass14,2020-12-03 02:44:10.292762,,free,2,7
22,My description about life - User15,www.myavatar15.ru/9090,SPb,2008-05-30 08:20:12.121,MIT University,user15@user.ru,User15,1,LastNameUser15,2020-12-03 02:44:11.149478,www.mysite.ru,userpass15,2020-12-03 02:44:10.293416,,free,6,7
23,My description about life - User16,www.myavatar16.ru/9090,SPb,2008-05-30 08:20:12.121,MIT University,user16@user.ru,User16,1,LastNameUser16,2020-12-03 02:44:11.149708,www.mysite.ru,userpass16,2020-12-03 02:44:10.294077,,free,2,7
24,My description about life - User17,www.myavatar17.ru/9090,SPb,2008-05-30 08:20:12.121,MIT University,user17@user.ru,User17,1,LastNameUser17,2020-12-03 02:44:11.149937,www.mysite.ru,userpass17,2020-12-03 02:44:10.294612,,free,6,7
25,My description about life - User18,www.myavatar18.ru/9090,SPb,2008-05-30 08:20:12.121,MIT University,user18@user.ru,User18,1,LastNameUser18,2020-12-03 02:44:11.150173,www.mysite.ru,userpass18,2020-12-03 02:44:10.295196,,free,2,7
26,My description about life - User19,www.myavatar19.ru/9090,SPb,2008-05-30 08:20:12.121,MIT University,user19@user.ru,User19,1,LastNameUser19,2020-12-03 02:44:11.150395,www.mysite.ru,userpass19,2020-12-03 02:44:10.295789,,free,6,7
27,My description about life - User20,www.myavatar20.ru/9090,SPb,2008-05-30 08:20:12.121,MIT University,user20@user.ru,User20,1,LastNameUser20,2020-12-03 02:44:11.150665,www.mysite.ru,userpass20,2020-12-03 02:44:10.30458,,free,2,7
28,My description about life - User21,www.myavatar21.ru/9090,SPb,2008-05-30 08:20:12.121,MIT University,user21@user.ru,User21,1,LastNameUser21,2020-12-03 02:44:11.157488,www.mysite.ru,userpass21,2020-12-03 02:44:10.305375,,free,6,7
29,My description about life - User22,www.myavatar22.ru/9090,SPb,2008-05-30 08:20:12.121,MIT University,user22@user.ru,User22,1,LastNameUser22,2020-12-03 02:44:11.157773,www.mysite.ru,userpass22,2020-12-03 02:44:10.306115,,free,2,7
30,My description about life - User23,www.myavatar23.ru/9090,SPb,2008-05-30 08:20:12.121,MIT University,user23@user.ru,User23,1,LastNameUser23,2020-12-03 02:44:11.157924,www.mysite.ru,userpass23,2020-12-03 02:44:10.30737,,free,6,7
31,My description about life - User24,www.myavatar24.ru/9090,SPb,2008-05-30 08:20:12.121,MIT University,user24@user.ru,User24,1,LastNameUser24,2020-12-03 02:44:11.158106,www.mysite.ru,userpass24,2020-12-03 02:44:10.308098,,free,2,7
32,My description about life - User25,www.myavatar25.ru/9090,SPb,2008-05-30 08:20:12.121,MIT University,user25@user.ru,User25,1,LastNameUser25,2020-12-03 02:44:11.158284,www.mysite.ru,userpass25,2020-12-03 02:44:10.308627,,free,6,7
33,My description about life - User26,www.myavatar26.ru/9090,SPb,2008-05-30 08:20:12.121,MIT University,user26@user.ru,User26,1,LastNameUser26,2020-12-03 02:44:11.158435,www.mysite.ru,userpass26,2020-12-03 02:44:10.309121,,free,2,7
34,My description about life - User27,www.myavatar27.ru/9090,SPb,2008-05-30 08:20:12.121,MIT University,user27@user.ru,User27,1,LastNameUser27,2020-12-03 02:44:11.158688,www.mysite.ru,userpass27,2020-12-03 02:44:10.309739,,free,6,7
35,My description about life - User28,www.myavatar28.ru/9090,SPb,2008-05-30 08:20:12.121,MIT University,user28@user.ru,User28,1,LastNameUser28,2020-12-03 02:44:11.158868,www.mysite.ru,userpass28,2020-12-03 02:44:10.310247,,free,2,7
36,My description about life - User29,www.myavatar29.ru/9090,SPb,2008-05-30 08:20:12.121,MIT University,user29@user.ru,User29,1,LastNameUser29,2020-12-03 02:44:11.159026,www.mysite.ru,userpass29,2020-12-03 02:44:10.310725,,free,6,7
37,My description about life - User30,www.myavatar30.ru/9090,SPb,2008-05-30 08:20:12.121,MIT University,user30@user.ru,User30,1,LastNameUser30,2020-12-03 02:44:11.159172,www.mysite.ru,userpass30,2020-12-03 02:44:10.311266,,free,2,7
38,My description about life - User31,www.myavatar31.ru/9090,SPb,2008-05-30 08:20:12.121,MIT University,user31@user.ru,User31,1,LastNameUser31,2020-12-03 02:44:11.159319,www.mysite.ru,userpass31,2020-12-03 02:44:10.311776,,free,6,7
39,My description about life - User32,www.myavatar32.ru/9090,SPb,2008-05-30 08:20:12.121,MIT University,user32@user.ru,User32,1,LastNameUser32,2020-12-03 02:44:11.159499,www.mysite.ru,userpass32,2020-12-03 02:44:10.31228,,free,2,7
40,My description about life - User33,www.myavatar33.ru/9090,SPb,2008-05-30 08:20:12.121,MIT University,user33@user.ru,User33,1,LastNameUser33,2020-12-03 02:44:11.159673,www.mysite.ru,userpass33,2020-12-03 02:44:10.31273,,free,6,7
41,My description about life - User34,www.myavatar34.ru/9090,SPb,2008-05-30 08:20:12.121,MIT University,user34@user.ru,User34,1,LastNameUser34,2020-12-03 02:44:11.159873,www.mysite.ru,userpass34,2020-12-03 02:44:10.313163,,free,2,7
42,My description about life - User35,www.myavatar35.ru/9090,SPb,2008-05-30 08:20:12.121,MIT University,user35@user.ru,User35,1,LastNameUser35,2020-12-03 02:44:11.160081,www.mysite.ru,userpass35,2020-12-03 02:44:10.313601,,free,6,7
43,My description about life - User36,www.myavatar36.ru/9090,SPb,2008-05-30 08:20:12.121,MIT University,user36@user.ru,User36,1,LastNameUser36,2020-12-03 02:44:11.16025,www.mysite.ru,userpass36,2020-12-03 02:44:10.314026,,free,2,7
44,My description about life - User37,www.myavatar37.ru/9090,SPb,2008-05-30 08:20:12.121,MIT University,user37@user.ru,User37,1,LastNameUser37,2020-12-03 02:44:11.16043,www.mysite.ru,userpass37,2020-12-03 02:44:10.31461,,free,6,7
45,My description about life - User38,www.myavatar38.ru/9090,SPb,2008-05-30 08:20:12.121,MIT University,user38@user.ru,User38,1,LastNameUser38,2020-12-03 02:44:11.16061,www.mysite.ru,userpass38,2020-12-03 02:44:10.315086,,free,2,7
46,My description about life - User39,www.myavatar39.ru/9090,SPb,2008-05-30 08:20:12.121,MIT University,user39@user.ru,User39,1,LastNameUser39,2020-12-03 02:44:11.160776,www.mysite.ru,userpass39,2020-12-03 02:44:10.315781,,free,6,7
47,My description about life - User40,www.myavatar40.ru/9090,SPb,2008-05-30 08:20:12.121,MIT University,user40@user.ru,User40,1,LastNameUser40,2020-12-03 02:44:11.160939,www.mysite.ru,userpass40,2020-12-03 02:44:10.321605,,free,2,7
48,My description about life - User41,www.myavatar41.ru/9090,SPb,2008-05-30 08:20:12.121,MIT University,user41@user.ru,User41,1,LastNameUser41,2020-12-03 02:44:11.166295,www.mysite.ru,userpass41,2020-12-03 02:44:10.32224,,free,6,7
49,My description about life - User42,www.myavatar42.ru/9090,SPb,2008-05-30 08:20:12.121,MIT University,user42@user.ru,User42,1,LastNameUser42,2020-12-03 02:44:11.166624,www.mysite.ru,userpass42,2020-12-03 02:44:10.32284,,free,2,7
50,My description about life - User43,www.myavatar43.ru/9090,SPb,2008-05-30 08:20:12.121,MIT University,user43@user.ru,User43,1,LastNameUser43,2020-12-03 02:44:11.166771,www.mysite.ru,userpass43,2020-12-03 02:44:10.323606,,free,6,7
51,My description about life - User44,www.myavatar44.ru/9090,SPb,2008-05-30 08:20:12.121,MIT University,user44@user.ru,User44,1,LastNameUser44,2020-12-03 02:44:11.166915,www.mysite.ru,userpass44,2020-12-03 02:44:10.324278,,free,2,7
52,My description about life - User45,www.myavatar45.ru/9090,SPb,2008-05-30 08:20:12.121,MIT University,user45@user.ru,User45,1,LastNameUser45,2020-12-03 02:44:11.167058,www.mysite.ru,userpass45,2020-12-03 02:44:10.324894,,free,6,7
53,My description about life - User46,www.myavatar46.ru/9090,SPb,2008-05-30 08:20:12.121,MIT University,user46@user.ru,User46,1,LastNameUser46,2020-12-03 02:44:11.167216,www.mysite.ru,userpass46,2020-12-03 02:44:10.325406,,free,2,7
54,My description about life - User47,www.myavatar47.ru/9090,SPb,2008-05-30 08:20:12.121,MIT University,user47@user.ru,User47,1,LastNameUser47,2020-12-03 02:44:11.167384,www.mysite.ru,userpass47,2020-12-03 02:44:10.325952,,free,6,7
55,My description about life - User48,www.myavatar48.ru/9090,SPb,2008-05-30 08:20:12.121,MIT University,user48@user.ru,User48,1,LastNameUser48,2020-12-03 02:44:11.167545,www.mysite.ru,userpass48,2020-12-03 02:44:10.326498,,free,2,7
56,My description about life - User49,www.myavatar49.ru/9090,SPb,2008-05-30 08:20:12.121,MIT University,user49@user.ru,User49,1,LastNameUser49,2020-12-03 02:44:11.167767,www.mysite.ru,userpass49,2020-12-03 02:44:10.327304,,free,6,7
57,My description about life - User50,www.myavatar50.ru/9090,SPb,2008-05-30 08:20:12.121,MIT University,user50@user.ru,User50,1,LastNameUser50,2020-12-03 02:44:11.167972,www.mysite.ru,userpass50,2020-12-03 02:44:10.327879,,free,2,7
58,My description about life - User51,www.myavatar51.ru/9090,SPb,2008-05-30 08:20:12.121,MIT University,user51@user.ru,User51,1,LastNameUser51,2020-12-03 02:44:11.168682,www.mysite.ru,userpass51,2020-12-03 02:44:10.328419,,free,6,7
59,My description about life - User52,www.myavatar52.ru/9090,SPb,2008-05-30 08:20:12.121,MIT University,user52@user.ru,User52,1,LastNameUser52,2020-12-03 02:44:11.168838,www.mysite.ru,userpass52,2020-12-03 02:44:10.328959,,free,2,7
61,My description about life - User54,www.myavatar54.ru/9090,SPb,2008-05-30 08:20:12.121,MIT University,user54@user.ru,User54,1,LastNameUser54,2020-12-03 02:44:11.169132,www.mysite.ru,userpass54,2020-12-03 02:44:10.32987,,free,2,7
62,My description about life - User55,www.myavatar55.ru/9090,SPb,2008-05-30 08:20:12.121,MIT University,user55@user.ru,User55,1,LastNameUser55,2020-12-03 02:44:11.169297,www.mysite.ru,userpass55,2020-12-03 02:44:10.330367,,free,6,7
63,My description about life - User56,www.myavatar56.ru/9090,SPb,2008-05-30 08:20:12.121,MIT University,user56@user.ru,User56,1,LastNameUser56,2020-12-03 02:44:11.169474,www.mysite.ru,userpass56,2020-12-03 02:44:10.330926,,free,2,7
64,My description about life - User57,www.myavatar57.ru/9090,SPb,2008-05-30 08:20:12.121,MIT University,user57@user.ru,User57,1,LastNameUser57,2020-12-03 02:44:11.169721,www.mysite.ru,userpass57,2020-12-03 02:44:10.331379,,free,6,7
65,My description about life - User58,www.myavatar58.ru/9090,SPb,2008-05-30 08:20:12.121,MIT University,user58@user.ru,User58,1,LastNameUser58,2020-12-03 02:44:11.169957,www.mysite.ru,userpass58,2020-12-03 02:44:10.331822,,free,2,7
66,My description about life - User59,www.myavatar59.ru/9090,SPb,2008-05-30 08:20:12.121,MIT University,user59@user.ru,User59,1,LastNameUser59,2020-12-03 02:44:11.170167,www.mysite.ru,userpass59,2020-12-03 02:44:10.33234,,free,6,7
67,My description about life - User60,www.myavatar60.ru/9090,SPb,2008-05-30 08:20:12.121,MIT University,user60@user.ru,User60,1,LastNameUser60,2020-12-03 02:44:11.170378,www.mysite.ru,userpass60,2020-12-03 02:44:10.337026,,free,2,7
60,My description about life - User53,www.myavatar53.ru/9090,SPb,2008-05-30 08:20:12.121,MIT University,user53@user.ru,User53,1,LastNameUser53,2020-12-03 02:44:11.523455,www.mysite.ru,userpass53,2020-12-03 02:44:10.329421,,free,6,7
