author,icon,name,media_id
,New Test Icon video 3,Test video 3,214
,New Test Icon video 6,Test video 6,220
,New Test Icon video 9,Test video 9,226
,New Test Icon video 12,Test video 12,232
,New Test Icon video 18,Test video 18,244
,New Test Icon video 21,Test video 21,250
,New Test Icon video 24,Test video 24,256
,New Test Icon video 27,Test video 27,262
,New Test Icon video 33,Test video 33,274
,New Test Icon video 36,Test video 36,280
,New Test Icon video 39,Test video 39,286
,New Test Icon video 42,Test video 42,292
,New Test Icon video 48,Test video 48,304
,New Test Icon video 51,Test video 51,310
,New Test Icon video 54,Test video 54,316
,New Test Icon video 57,Test video 57,322
,New Test Icon video 63,Test video 63,334
,New Test Icon video 66,Test video 66,340
,New Test Icon video 69,Test video 69,346
,New Test Icon video 72,Test video 72,352
,New Test Icon video 78,Test video 78,364
,New Test Icon video 81,Test video 81,370
,New Test Icon video 84,Test video 84,376
,New Test Icon video 87,Test video 87,382
,New Test Icon video 93,Test video 93,394
,New Test Icon video 96,Test video 96,400
,New Test Icon video 99,Test video 99,406
