id,topic
100,Тема 1
101,Тема 2
102,Тема 3
103,Тема 4
104,Тема 5
105,Тема 6
106,Тема 7
107,Тема 8
108,Тема 9
109,Тема 10
110,Тема 11
111,Тема 12
112,Тема 13
113,Тема 14
114,Тема 15
115,Тема 16
116,Тема 17
117,Тема 18
118,Тема 19
119,Тема 20
120,Тема 21
121,Тема 22
122,Тема 23
123,Тема 24
124,Тема 25
125,Тема 26
126,Тема 27
127,Тема 28
128,Тема 29
129,Тема 30
130,Тема 31
131,Тема 32
132,Тема 33
133,Тема 34
134,Тема 35
135,Тема 36
136,Тема 37
137,Тема 38
138,Тема 39
139,Тема 40
140,Тема 41
141,Тема 42
142,Тема 43
143,Тема 44
144,Тема 45
145,Тема 46
146,Тема 47
147,Тема 48
148,Тема 49
149,Тема 50
150,Тема 51
151,Тема 52
152,Тема 53
153,Тема 54
154,Тема 55
155,Тема 56
156,Тема 57
157,Тема 58
158,Тема 59
159,Тема 60
160,Тема 61
161,Тема 62
162,Тема 63
163,Тема 64
164,Тема 65
165,Тема 66
166,Тема 67
167,Тема 68
168,Тема 69
169,Тема 70
170,Тема 71
171,Тема 72
172,Тема 73
173,Тема 74
174,Тема 75
175,Тема 76
176,Тема 77
177,Тема 78
178,Тема 79
179,Тема 80
180,Тема 81
181,Тема 82
182,Тема 83
183,Тема 84
184,Тема 85
185,Тема 86
186,Тема 87
187,Тема 88
188,Тема 89
189,Тема 90
190,Тема 91
191,Тема 92
192,Тема 93
193,Тема 94
194,Тема 95
195,Тема 96
196,Тема 97
197,Тема 98
198,Тема 99
199,Тема 100