id,image,persist_date,title
2349,Chat image #0,2020-12-02 15:36:04.690099,Group chat #0
2350,Chat image #1,2020-12-02 15:36:04.690327,Group chat #1
2351,Chat image #2,2020-12-02 15:36:04.690388,Group chat #2
2352,Chat image #3,2020-12-02 15:36:04.690444,Group chat #3
2353,Chat image #4,2020-12-02 15:36:04.6905,Group chat #4
2354,Chat image #5,2020-12-02 15:36:04.690557,Group chat #5
2355,Chat image #6,2020-12-02 15:36:04.690613,Group chat #6
2356,Chat image #7,2020-12-02 15:36:04.690668,Group chat #7
2357,Chat image #8,2020-12-02 15:36:04.690734,Group chat #8
2358,Chat image #9,2020-12-02 15:36:04.690793,Group chat #9
2359,Chat image #10,2020-12-02 15:36:04.690849,Group chat #10
2360,Chat image #11,2020-12-02 15:36:04.690906,Group chat #11
2361,Chat image #12,2020-12-02 15:36:04.690962,Group chat #12
2362,Chat image #13,2020-12-02 15:36:04.691018,Group chat #13
2363,Chat image #14,2020-12-02 15:36:04.691074,Group chat #14
2364,Chat image #15,2020-12-02 15:36:04.69113,Group chat #15
2365,Chat image #16,2020-12-02 15:36:04.691187,Group chat #16
2366,Chat image #17,2020-12-02 15:36:04.691243,Group chat #17
2367,Chat image #18,2020-12-02 15:36:04.691312,Group chat #18
2368,Chat image #19,2020-12-02 15:36:04.69138,Group chat #19
2329,Chat image #20,2020-12-03 03:22:35.237996,Single chat #1
2330,Chat image #21,2020-12-03 03:22:35.238236,Single chat #2
2331,Chat image #22,2020-12-03 03:22:35.238313,Single chat #3
2332,Chat image #23,2020-12-03 03:22:35.238388,Single chat #4
2333,Chat image #24,2020-12-03 03:22:35.238465,Single chat #5
2334,Chat image #25,2020-12-03 03:22:35.238541,Single chat #6
2335,Chat image #26,2020-12-03 03:22:35.238616,Single chat #7
2336,Chat image #27,2020-12-03 03:22:35.23869,Single chat #8
2337,Chat image #28,2020-12-03 03:22:35.238764,Single chat #9
2338,Chat image #29,2020-12-03 03:22:35.238838,Single chat #10
2339,Chat image #30,2020-12-03 03:22:35.238912,Single chat #11
2340,Chat image #31,2020-12-03 03:22:35.238986,Single chat #12
2341,Chat image #32,2020-12-03 03:22:35.23906,Single chat #13
2342,Chat image #33,2020-12-03 03:22:35.239136,Single chat #14
2343,Chat image #34,2020-12-03 03:22:35.23921,Single chat #15
2344,Chat image #35,2020-12-03 03:22:35.239284,Single chat #16
2345,Chat image #36,2020-12-03 03:22:35.239358,Single chat #17
2346,Chat image #37,2020-12-03 03:22:35.239432,Single chat #18
2347,Chat image #38,2020-12-03 03:22:35.239506,Single chat #19
2348,Chat image #39,2020-12-03 03:22:35.239579,Single chat #20